cmd_v,cmd_w,actual_v_mean,actual_w_mean,actual_v_median,actual_w_median,error_v,error_w,error_v_pct,error_w_pct,actual_vy_mean,wheel_cmd_left_mean,wheel_cmd_right_mean,wheel_actual_left_mean,wheel_actual_right_mean,odom_samples,wheel_command_samples,wheel_actual_samples
0.2,0.0,0.19661031158658807,0.001165314486833466,0.19858093824801193,7.4557678135408296e-06,0.0033896884134119454,0.001165314486833466,1.6948442067059726,,4.479616178018197e-05,2.0408163265306123,2.0408163265306123,1.9448739726027395,1.9417705479452054,73,80,146
0.5,0.0,0.4974092356904471,-0.0001566818960567054,0.49813988631580164,5.69274229296245e-05,0.0025907643095529065,0.0001566818960567054,0.5181528619105813,,0.00010150208524167474,5.1020408163265305,5.1020408163265305,5.013735064935065,5.004985064935065,77,80,154
0.8,0.0,0.7979626302718688,-0.0012808158356664668,0.7989047992643553,-0.0004384654162396944,0.0020373697281312886,0.0012808158356664668,0.2546712160164111,,-0.00017567195671707274,8.16326530612245,8.16326530612245,8.183768309859156,8.177211971830985,71,80,142
0.0,0.2,-0.005764527440508825,0.2693037577373631,-0.006318031701112178,0.27138741080850015,0.005764527440508825,0.06930375773736308,,34.65187886868154,-0.010574583525101723,-1.871961484136903,1.871961484136903,-1.9178741935483872,2.2833612903225804,93,80,186
0.0,-0.2,0.005989955682285691,-0.28204664955769326,0.004610394188181571,-0.29469240842275757,0.005989955682285691,0.08204664955769325,,41.02332477884662,0.007041071784151968,1.871961484136903,-1.871961484136903,2.3125727272727272,-2.0915052631578948,105,80,209
0.0,0.4,-0.013081997609485741,0.44725956988897764,-0.00984261702205573,0.4490793335326366,0.013081997609485741,0.047259569888977615,,11.814892472244404,0.003840642851082466,-2.566905092118287,2.566905092118287,-3.2736617021276597,2.4225946808510637,94,80,188
0.0,-0.4,0.012151612166101689,-0.41865256428863457,0.010229341815755287,-0.42033540780918915,0.012151612166101689,0.018652564288634543,,4.663141072158636,0.013361114236315341,2.566905092118287,-2.566905092118287,3.2246836448598133,-2.9915224299065417,107,80,214
0.0,0.8,-0.011161256314024343,0.8529095398436332,-0.012415581691151156,0.824466759667045,0.011161256314024343,0.05290953984363311,,6.613692480454138,0.007422819005497953,-3.8681629800639366,3.8681629800639366,-4.481473372781065,4.146167455621302,85,80,169
0.0,-0.8,0.017010002495517366,-0.8478815257002285,0.01318096911675943,-0.8444470965013615,0.017010002495517366,0.04788152570022841,,5.985190712528552,0.034306911661741345,3.8681629800639366,-3.8681629800639366,4.2190021505376345,-4.598829569892473,93,80,186
0.0,1.2,-0.04617055871563152,1.1625776017662803,-0.02415057535251841,1.2302095871993124,0.04617055871563152,0.03742239823371962,,3.118533186143302,-0.03857882251868562,-5.16857142847574,5.16857142847574,-5.977868604651162,5.457519767441861,86,80,172
0.3,0.4,0.19652975367051817,0.07926943732503959,0.19240414432216071,0.07056495337570826,0.10347024632948182,0.3207305626749604,34.49008210982728,80.1826406687401,-0.00013742400235590774,0.49431939767763106,5.628129581914206,-0.17440989010989008,5.56107032967033,91,80,182
0.3,-0.4,0.2583958838710601,-0.10210523648440475,0.2586542466518381,-0.08799320403864416,0.04160411612893988,0.2978947635155953,13.868038709646626,74.47369087889882,-0.0006331908896203332,5.628129581914206,0.49431939767763106,5.796985795454545,-0.7445795454545454,88,80,176
0.3,0.8,0.11512752165588108,0.271901958822329,0.1173984756677113,0.2631469904031439,0.1848724783441189,0.528098041177671,61.624159448039634,66.01225514720888,-0.011839308287714925,-0.8069384902680181,6.9293874698598525,-1.5992697802197802,6.702731318681318,91,80,182
0.3,-0.8,0.13951706464540475,-0.3181469923794422,0.13717635644021553,-0.3189914559735261,0.16048293535459524,0.4818530076205578,53.49431178486508,60.23162595256972,-0.004619048337144189,6.9293874698598525,-0.8069384902680181,7.186506476683938,-1.2607178756476682,96,80,193
0.6,0.4,0.5097691350568551,0.08105692872556679,0.5091147597330327,0.04391539172135697,0.09023086494314492,0.3189430712744332,15.038477490524151,79.73576781860831,-0.001171054132397714,3.5555438874735485,8.689354071710124,3.0674565934065936,8.63836923076923,91,80,182
0.6,-0.4,0.5747452516611868,-0.0864085060052663,0.5729705247321211,-0.06187270766303936,0.025254748338813138,0.31359149399473374,4.209124723135523,78.39787349868342,-0.0037118661961767388,8.689354071710124,3.5555438874735485,9.08148216374269,2.4558134502923976,86,80,171
0.6,0.8,0.4265805994410344,0.19885740996605528,0.405893996126739,0.09595634402040332,0.1734194005589656,0.6011425900339448,28.90323342649427,75.1428237542431,0.012979477241937142,2.2542859995279003,9.990611959655773,1.6033452879581152,10.007031937172775,95,80,191
0.6,-0.8,0.44823245694147734,-0.09749388974918524,0.4493954131440778,-0.08947849377648004,0.15176754305852264,0.7025061102508148,25.294590509753775,87.81326378135185,0.00011030983297891908,9.990611959655773,2.2542859995279003,11.141410869565219,1.4358777173913044,92,79,184
