cmd_v,cmd_w,actual_v_mean,actual_w_mean,actual_v_median,actual_w_median,actual_v_std,actual_w_std,error_v,error_w,error_v_pct,error_w_pct,median_error_v_pct,median_error_w_pct,actual_vy_mean,max_abs_roll,max_abs_pitch,min_base_z,max_base_z,valid,invalid_reason,wheel_cmd_left_mean,wheel_cmd_right_mean,wheel_actual_left_mean,wheel_actual_right_mean,wheel_effort_left_mean,wheel_effort_right_mean,wheel_effort_left_max_abs,wheel_effort_right_max_abs,odom_samples,odom_wall_rate_hz,odom_sim_rate_hz,controller_wall_rate_hz,wheel_command_samples,wheel_actual_samples
0.2,0.0,0.1999825045750952,-6.558512191583177e-11,0.1999854881515515,-8.059888341485259e-12,4.859200924212798e-05,1.1380145850146658e-06,1.749542490481204e-05,6.558512191583177e-11,0.00874771245240602,,0.007255924224250365,,4.303907706817674e-09,1.292441794642523e-10,2.8210890614713853e-09,0.06449999660253525,0.06449999660253525,True,,2.0408163265306123,2.0408163265306123,2.0408,2.0408,0.0002,0.0002,0.0002,0.0002,134,44.405211291747506,59.99999687819565,44.405211291747506,60,133
0.5,0.0,0.4999900917693237,-2.1462352320696447e-10,0.4999923306060821,-7.728921866144473e-12,9.803838811471982e-05,1.1686099302436066e-06,9.9082306763143e-06,2.1462352320696447e-10,0.00198164613526286,,0.0015338787835772472,,1.2207436702096866e-08,2.5070981382279115e-10,5.466032525609731e-09,0.06449999660253525,0.06449999660253525,True,,5.1020408163265305,5.1020408163265305,5.102,5.102,0.0006,0.0006,0.0006,0.0006,127,42.10817356795721,59.99999688571445,42.10817356795721,61,127
0.8,0.0,0.8000437455584607,2.037082380362854e-15,0.8000563935150196,-1.0448391232547874e-11,9.278775934456766e-05,1.18818195832413e-06,4.3745558460650535e-05,2.037082380362854e-15,0.005468194807581317,,0.007049189377439369,,1.8548729769739056e-08,1.6676291569913983e-11,4.194272724970565e-09,0.06450000405311584,0.06450000405311584,True,,8.16326530612245,8.16326530612245,8.1633,8.1633,0.001,0.001,0.001,0.001,140,46.465255396890676,59.9999968834534,46.465255396890676,60,139
0.0,0.2,-2.0901005163654887e-06,0.199880149059406,0.0,0.19988074635055986,8.378245647010074e-05,5.271368391107603e-06,2.0901005163654887e-06,0.00011985094059402401,,0.05992547029701201,,0.059626824720077076,-4.492763177744216e-07,4.708653528706412e-11,6.812727475998873e-12,0.06449993699789047,0.06450004130601883,True,,-0.3832551020408163,0.3832551020408163,-0.3833,0.3833,0.0,0.0,0.0,0.0,131,43.72506716015496,59.99999686153863,43.72506716015496,60,131
0.0,-0.2,6.212139818777582e-06,-0.19988061400068868,0.0,-0.19988062647977806,8.339887044353746e-05,5.066064495408571e-06,6.212139818777582e-06,0.00011938599931132776,,0.05969299965566388,,0.0596867601109774,-1.8593248971794373e-06,3.9022141744394606e-11,5.084889939773957e-12,0.06449995189905167,0.06450004130601883,True,,0.3832551020408163,-0.3832551020408163,0.3833,-0.3833,0.0,0.0,0.0,0.0,111,36.80997853752245,59.999996869091085,36.80997853752245,60,111
0.0,0.4,-6.417400150012874e-06,0.39975974324224417,0.0,0.39976017584577084,8.015666720961737e-05,6.7562710594529536e-06,6.417400150012874e-06,0.0002402567577558523,,0.06006418943896308,,0.05995603855729614,8.312195884178955e-06,6.10661167768752e-11,7.777108851731532e-12,0.06449993699789047,0.06450004130601883,True,,-0.7665102040816326,0.7665102040816326,-0.7665,0.7665,-0.0001,0.0001,0.0001,0.0001,143,47.79035976240318,59.999996873239574,47.79035976240318,60,144
0.0,-0.4,-1.038163602985431e-06,-0.3997622872259152,0.0,-0.3997625251483834,7.398964972831043e-05,5.4555133817556684e-06,1.038163602985431e-06,0.0002377127740847973,,0.059428193521199324,,0.05936871290415646,6.625165093619337e-06,5.304584180032884e-11,7.07251150264303e-12,0.06449995189905167,0.06450004130601883,True,,0.7665102040816326,-0.7665102040816326,0.7665,-0.7665,0.0001,-0.0001,0.0001,0.0001,126,42.572706790442616,59.99999687040017,42.572706790442616,60,126
0.0,0.8,-1.3084940333240408e-06,0.7995164467937698,0.0,0.799515962419437,7.067654703677589e-05,8.49348680002413e-06,1.3084940333240408e-06,0.00048355320623028053,,0.060444150778785066,,0.06050469757037935,2.6498294634748903e-05,1.600584826781387e-10,3.603832876911651e-11,0.06449993699789047,0.06450004130601883,True,,-1.5330204081632652,1.5330204081632652,-1.533,1.533,-0.0002,0.0002,0.0002,0.0002,130,43.42610427458023,59.99999687441876,43.42610427458023,60,130
0.0,-0.8,6.249845530701053e-06,-0.7995261613281122,1.1432530813854829e-06,-0.7995268999203794,7.041568892755374e-05,9.632676305981678e-06,6.249845530701053e-06,0.00047383867188788287,,0.05922983398598536,,0.059137509952580936,3.2215082902344985e-05,1.2256132034251812e-10,4.204792224859377e-11,0.06449993699789047,0.06450005620718002,True,,1.5330204081632652,-1.5330204081632652,1.533,-1.533,0.0002,-0.0002,0.0002,0.0002,122,40.735458530707625,59.99999686611584,40.735458530707625,60,122
0.0,1.2,1.0395145532891739e-05,1.1992742181115892,1.9957716636086996e-05,1.1992723822717426,8.657033866165955e-05,3.639516175816459e-05,1.0395145532891739e-05,0.0007257818884107703,,0.06048182403423086,,0.06063481068811309,6.941132561272166e-05,3.625741372715685e-10,8.704360668278572e-11,0.06449993699789047,0.06450004130601883,True,,-2.2995306122448977,2.2995306122448977,-2.2995,2.2995,-0.0004,0.0004,0.0004,0.0004,129,42.81982402811483,59.99999688750017,42.81982402811483,60,129
0.3,0.4,0.3000016347194403,0.3997589271931768,0.29999863371093144,0.39975864677528966,8.35382426031277e-05,5.229889756811484e-06,1.634719440313237e-06,0.00024107280682322818,0.0005449064801044123,0.060268201705807045,0.00045542968951650664,0.060338306177590284,-0.0009894336549847874,6.837219319923162e-11,5.857267916539432e-11,0.06449995189905167,0.06450004130601883,True,,2.2947142857142855,3.827734693877551,2.2947,3.8277,0.0003,0.0005,0.0003,0.0005,126,42.09431407009562,59.99999687040017,42.09431407009562,60,127
0.3,-0.4,0.2999876415625058,-0.39976185364792083,0.299988683220042,-0.39976242381283,8.452569768453843e-05,5.855432173820212e-06,1.2358437494197627e-05,0.00023814635207919377,0.004119479164732542,0.05953658801979844,0.0037722599859901784,0.05939404679250471,0.0010112402684901945,6.741817452748008e-11,5.766852262147421e-11,0.06449995189905167,0.06450004130601883,True,,3.827734693877551,2.2947142857142855,3.8277,2.2947,0.0005,0.0003,0.0005,0.0003,130,43.27341997544348,59.99999687441877,43.27341997544348,60,130
0.3,0.8,0.3000003486692154,0.7995158873255073,0.29999835333384134,0.7995156296781927,8.246772786447554e-05,9.12452584891775e-06,3.48669215388675e-07,0.00048411267449277595,0.00011622307179622501,0.060514084311596994,0.0005488887195500188,0.060546290225921284,-0.0019546352567265863,1.3838712468680178e-10,5.6311163798708426e-11,0.06449993699789047,0.06450005620718002,True,,1.5282040816326528,4.594244897959183,1.5282,4.5942,0.0002,0.0007,0.0002,0.0007,137,45.434567850366065,59.999996867647226,45.434567850366065,61,137
0.3,-0.8,0.3000044210780146,-0.7995253543899896,0.3000085052725038,-0.799525129277154,7.564381691516016e-05,9.727051563347083e-06,4.421078014626989e-06,0.0004746456100104268,0.0014736926715423297,0.05933070125130335,0.002835090834596432,0.05935884035575267,0.0020335849250743194,1.5132011374826723e-10,5.775342900144197e-11,0.06449993699789047,0.06450005620718002,True,,4.594244897959183,1.5282040816326528,4.5942,1.5282,0.0007,0.0002,0.0007,0.0002,131,43.4062359165234,59.99999686153862,43.4062359165234,60,131
0.6,0.4,0.5999965458435113,0.39975882802348944,0.6000030445781817,0.3997585293401441,0.00010103454846022337,5.517838219052402e-06,3.4541564887247134e-06,0.0002411719765105791,0.0005756927481207856,0.06029299412764477,0.0005074296969461342,0.060367664963978385,-0.001997674188550602,1.0371426185715519e-10,1.100833837472152e-10,0.06449993699789047,0.06450004130601883,True,,5.355938775510205,6.888959183673469,5.3559,6.889,0.0007,0.0009,0.0007,0.0009,113,37.63016275540585,59.99999687142872,37.63016275540585,60,113
0.6,-0.4,0.599480935411075,-0.39874652833268887,0.5999817533889612,-0.39976207954979026,0.008306870441110293,0.012451706967516999,0.0005190645889249224,0.0012534716673111568,0.0865107648208204,0.3133679168277892,0.003041101839795779,0.059480112552440234,0.001783278080000175,0.0002857023930444739,0.0030863354829764097,0.06449995189905167,0.06497202813625336,True,,6.888959183673469,5.355938775510205,6.896385,5.357689230769231,0.025020769230769235,0.01503,3.297,1.9193,130,43.297369319246954,59.99999687441877,43.297369319246954,60,130
0.6,0.8,0.5999890309407216,0.7995148034598978,0.5999920395977187,0.7995150255314285,8.345478609896937e-05,9.338482581882823e-06,1.0969059278331805e-05,0.00048519654010226176,0.0018281765463886344,0.06064956751278272,0.0013267337135395667,0.060621808571442726,-0.003970403978024072,1.6419068369800436e-10,1.0323227828637979e-10,0.06449995189905167,0.06450004130601883,True,,4.589428571428571,7.655469387755102,4.5894,7.6555,0.0007,0.0011,0.0007,0.0011,134,44.67234111250635,59.99999687819563,44.67234111250635,60,134
0.6,-0.8,0.5999963129707736,-0.7995247361446381,0.5999959790735817,-0.799525975622852,7.991909948264171e-05,9.880000458712985e-06,3.6870292263735394e-06,0.00047526385536189597,0.0006145048710622566,0.059407981920236996,0.0006701544030448167,0.05925304714350654,0.0040297447849373304,1.4396080753966715e-10,1.1740049704745215e-10,0.06449993699789047,0.06450005620718002,True,,7.655469387755102,4.589428571428571,7.6555,4.5894,0.0011,0.0007,0.0011,0.0007,107,35.56907907289807,59.99999686415112,35.56907907289807,60,107
0.45,0.6,0.4499952988699532,0.5996371674834912,0.44999738675081763,0.5996379312736647,8.300426292255319e-05,8.067656536156877e-06,4.701130046802504e-06,0.0003628325165088153,0.001044695565956112,0.060472086084802555,0.0005807220405292431,0.06034478772254381,-0.002221324162803971,1.0812317224765841e-10,8.016054019046459e-11,0.06449993699789047,0.06450004130601883,True,,3.442071428571429,5.741602040816326,3.4421000000000004,5.7416,0.0005,0.0008,0.0005,0.0008,120,39.777746460421795,59.99999689411779,39.777746460421795,60,120
0.45,-0.6,0.4499946247214386,-0.5996429597517408,0.44999396782329104,-0.5996432203324268,7.9973218590536e-05,8.714541039883986e-06,5.375278561425834e-06,0.00035704024825922165,0.0011945063469835187,0.05950670804320361,0.0013404837131044307,0.05946327792886545,0.002241577531703286,9.615740007983932e-11,8.549355152135244e-11,0.06449993699789047,0.06450004130601883,True,,5.741602040816326,3.442071428571429,5.7416,3.4421,0.0008,0.0005,0.0008,0.0005,123,40.96869474038263,59.999996852459184,40.96869474038263,60,123
0.2,0.6,0.1999887044370372,0.5996369862170156,0.19999193326733822,0.5996377478543654,7.891339111326116e-05,8.921444820671511e-06,1.1295562962809758e-05,0.00036301378298442266,0.005647781481404879,0.06050229716407045,0.004033366330896682,0.06037535760576122,-0.0009780737798072224,1.0058079267312577e-10,4.070308076350767e-11,0.06449993699789047,0.06450005620718002,True,,0.8910510204081635,3.190581632653061,0.8910992592592593,3.1906,0.0001,0.0004,0.0001,0.0004,134,44.95336358239991,59.99999685112799,44.95336358239991,60,135
0.7,-0.6,0.6999951434869909,-0.5996426659510763,0.6999927026208833,-0.5996430915748645,7.514997855988168e-05,8.748727158935917e-06,4.85651300907719e-06,0.00035733404892368537,0.0006937875727253129,0.05955567482061423,0.0010424827309491696,0.05948473752257859,0.003528205649745649,1.1113908283035745e-10,1.317935279087527e-10,0.06449995189905167,0.06450004130601883,True,,8.292622448979591,5.993091836734693,8.2926,5.9931,0.0011,0.0008,0.0011,0.0008,117,39.18558137447287,59.999996875862216,39.18558137447287,60,117
