layout,load,condition,iterations,graph_build_ms,cold_parameter_ms,cold_solve_ms,cold_postcheck_ms,warm_p50_ms,warm_p95_ms,warm_p99_ms,warm_max_ms,success,timeout,dynamics_residual,geometry_violation,barrier_violation,cold_code,cold_status
exact_active,none,feasible,1000,179.070023,0.025905,9.300238,0.004077,4.421264,5.587352,6.718176,10.299775,1000,0,0.000000,0.000000,0.000000,0,Solve_Succeeded
exact_active,six_dynamic,feasible,1000,394.631401,0.018667,26.316826,0.012831,20.715569,27.397448,28.396438,33.898442,1000,0,0.000000,0.000000,0.000000,0,Solve_Succeeded
exact_active,six_dynamic,critical,1000,401.369818,0.026015,29.639050,0.013019,23.813748,30.513152,32.715421,45.588176,1000,0,0.000001,0.000000,0.000000,0,Solve_Succeeded
exact_active,six_dynamic,infeasible,1000,375.194764,0.018405,79.122233,0.000000,78.202702,79.211169,79.786325,81.176039,0,1000,0.000000,0.000000,0.000000,4,Maximum_WallTime_Exceeded
exact_active,maximum,feasible,1000,373.572061,0.015402,29.051962,0.170226,27.419090,30.325821,31.289963,32.791213,1000,0,0.000000,0.000000,0.000000,0,Solve_Succeeded
exact_active,maximum,critical,1000,382.521232,0.017040,30.883267,0.170592,27.814046,31.213008,31.665582,32.426596,1000,0,0.000002,0.000000,0.000000,0,Solve_Succeeded
exact_active,maximum,infeasible,1000,377.633165,0.018985,79.444466,0.000000,78.832336,80.173005,81.008979,81.844863,0,1000,0.000000,0.000000,0.000000,4,Maximum_WallTime_Exceeded
fixed_masked,none,feasible,1000,380.014855,0.012923,22.282374,0.003018,15.913695,17.823255,18.740211,19.789566,1000,0,0.000000,0.000000,0.000000,0,Solve_Succeeded
fixed_masked,six_dynamic,feasible,1000,389.827491,0.004709,25.534489,0.010119,25.463763,32.232271,34.078944,46.436884,1000,0,0.000000,0.000000,0.000000,0,Solve_Succeeded
fixed_masked,six_dynamic,critical,1000,366.921451,0.004633,31.376059,0.009922,27.208434,29.845951,31.624033,42.593928,1000,0,0.000001,0.000000,0.000000,0,Solve_Succeeded
fixed_masked,six_dynamic,infeasible,1000,370.951556,0.006620,77.455678,0.000000,78.962654,80.638489,81.594788,86.706906,0,1000,0.000000,0.000000,0.000000,4,Maximum_WallTime_Exceeded
fixed_masked,maximum,feasible,1000,381.625222,0.004801,28.339634,0.152184,27.324583,29.756610,30.962975,33.723289,1000,0,0.000000,0.000000,0.000000,0,Solve_Succeeded
fixed_masked,maximum,critical,1000,361.322852,0.004941,27.404171,0.151256,26.934474,28.323911,28.819468,30.129508,1000,0,0.000002,0.000000,0.000000,0,Solve_Succeeded
fixed_masked,maximum,infeasible,1000,363.383017,0.004380,77.838941,0.000000,78.907415,80.646320,82.101074,84.222221,0,1000,0.000000,0.000000,0.000000,4,Maximum_WallTime_Exceeded
